{
  "vol_trend": 2.4550685077117764,
  "vol_last_vs_avg": 2.0687002592620534,
  "vol_accel": 2.3724650293957685,
  "natr": 0.7153392330383492,
  "bb_width": 0.04010640236455117,
  "momentum_1h": 0.523894709941222,
  "price_range": 5.730268121352366,
  "close_position": 0.5138359989845135,
  "bot_net_pct": 1.6800125477177752,
  "spread_pct": 0.6056935190793464,
  "repeat_spiker": 0.0,
  "hour_utc": 12.0,
  "score": 9.5,
  "already_moved": 0.2593201493678554,
  "vol_momentum_ratio": 0.7014435266784032,
  "tightness": 0.961440097348073,
  "natr_x_range": 4.603221160786005,
  "is_night_utc": 0.0,
  "is_us_open": 0.0,
  "high_momentum": 0.0,
  "low_close_pos": 0.0,
  "vol_surge": 0.0
}